CENTRAL POLLUTION CONTROL BOARD,,,,,,
CONTINUOUS AMBIENT AIR QUALITY,,,,,,
"Date: Thursday, Feb 22 2024",,,,,,
Time: 02:39:33 PM,,,,,,
State,Delhi,,,,,
City,Delhi,,,,,
Station,"Anand Vihar, Delhi - DPCC",,,,,
Parameter,"PM2.5,PM10,NO,NOx,Benzene",,,,,
AvgPeriod,24 Hours,,,,,
From,05-02-2022T00:00:00Z 00:00,,,,,
To,05-02-2024T00:00:59Z 00:00,,,,,
,,,,,,
"Anand Vihar, Delhi - DPCC",,,,,,
Prescribed Standards, ,0-60,0-100,0-80,0-200,0-5
Exceeding Standards, ,NA,NA,NA,NA,NA
Remarks,,,,,,
From Date,To Date,PM2.5,PM10,NO,NOx,Benzene
05-02-2022 00:00,06-02-2022 00:00,208.28,448.8,110.72,145.17,5.2
06-02-2022 00:00,07-02-2022 00:00,311.59,486.09,144.2,208.26,7.52
07-02-2022 00:00,08-02-2022 00:00,188.46,464.77,128.95,148.18,4.55
08-02-2022 00:00,09-02-2022 00:00,203.21,513.61,193.97,204.45,4.94
09-02-2022 00:00,10-02-2022 00:00,108.95,264.92,68.29,87,2.75
10-02-2022 00:00,11-02-2022 00:00,97.85,441.52,148.52,159.05,3.1
11-02-2022 00:00,12-02-2022 00:00,136.32,505.47,140.5,157.39,3.39
12-02-2022 00:00,13-02-2022 00:00,104.36,385.46,140.8,161.73,4.15
13-02-2022 00:00,14-02-2022 00:00,211.73,528.24,150.12,197.94,7.12
14-02-2022 00:00,15-02-2022 00:00,167.89,482.14,117.66,170.75,4.88
15-02-2022 00:00,16-02-2022 00:00,104.49,393.82,116.8,144.91,4.07
16-02-2022 00:00,17-02-2022 00:00,232.69,569.14,164.1,202.38,7.48
17-02-2022 00:00,18-02-2022 00:00,162.28,381.53,135.33,156.16,5.4
18-02-2022 00:00,19-02-2022 00:00,161.29,434.59,188.15,211.28,5.95
19-02-2022 00:00,20-02-2022 00:00,96.09,311.04,153.15,164.4,4.06
20-02-2022 00:00,21-02-2022 00:00,88.91,250.93,101.69,119.31,2
21-02-2022 00:00,22-02-2022 00:00,114.74,334.51,124.57,138.33,3.9
22-02-2022 00:00,23-02-2022 00:00,138.89,335.64,59.18,74.92,4.11
23-02-2022 00:00,24-02-2022 00:00,120.76,201.86,51.67,70.35,2.03
24-02-2022 00:00,25-02-2022 00:00,175.07,322.85,95.75,117.17,4.96
25-02-2022 00:00,26-02-2022 00:00,153.79,262.01,70.66,88.78,1.9
26-02-2022 00:00,27-02-2022 00:00,33.14,89.16,25.58,40.4,1.2
27-02-2022 00:00,28-02-2022 00:00,52.43,165.19,56.1,70.14,1.56
28-02-2022 00:00,01-03-2022 00:00,66.82,238.64,102.03,115.3,2.38
01-03-2022 00:00,02-03-2022 00:00,89.45,252.15,110.45,126.66,3.2
02-03-2022 00:00,03-03-2022 00:00,120.36,310.92,138.81,159.68,4.66
03-03-2022 00:00,04-03-2022 00:00,91.66,189.07,37.1,58.21,2.88
04-03-2022 00:00,05-03-2022 00:00,71.64,234.59,57.26,70.9,1.93
05-03-2022 00:00,06-03-2022 00:00,70.92,217.37,64.68,61.86,1.89
06-03-2022 00:00,07-03-2022 00:00,96.95,277.23,52.95,25.81,2.87
07-03-2022 00:00,08-03-2022 00:00,172.7,456.99,101.27,68.99,5.43
08-03-2022 00:00,09-03-2022 00:00,147.49,320.23,69.73,44.34,4.67
09-03-2022 00:00,10-03-2022 00:00,73.79,249,39.8,42.27,2.98
10-03-2022 00:00,11-03-2022 00:00,68.43,266.67,29.84,38.47,2.39
11-03-2022 00:00,12-03-2022 00:00,72.9,280.41,25.89,40.44,2.67
12-03-2022 00:00,13-03-2022 00:00,77.71,350,39.46,56.01,4.06
13-03-2022 00:00,14-03-2022 00:00,95.73,353.74,39.73,59.03,4.47
14-03-2022 00:00,15-03-2022 00:00,127.2,356.61,47.74,64.38,4.87
15-03-2022 00:00,16-03-2022 00:00,108.42,299.73,39.39,57.25,4.42
16-03-2022 00:00,17-03-2022 00:00,92.45,302.24,33.82,51.25,2.94
17-03-2022 00:00,18-03-2022 00:00,126.03,282,42.2,50.7,3.69
18-03-2022 00:00,19-03-2022 00:00,127.9,214.58,None,None,3.54
19-03-2022 00:00,20-03-2022 00:00,113.2,233.5,None,112.23,3.93
20-03-2022 00:00,21-03-2022 00:00,114.59,303.88,94.2,152.48,4.45
21-03-2022 00:00,22-03-2022 00:00,147.04,371.34,None,156.7,5.74
22-03-2022 00:00,23-03-2022 00:00,76.03,248.08,85.55,130.6,2.34
23-03-2022 00:00,24-03-2022 00:00,110.48,325.44,245.88,204.21,4.13
24-03-2022 00:00,25-03-2022 00:00,148.01,430.97,208.17,231.83,6.77
25-03-2022 00:00,26-03-2022 00:00,91.96,271.48,137.7,163.57,3.1
26-03-2022 00:00,27-03-2022 00:00,87.28,302.71,150.07,177.68,2.83
27-03-2022 00:00,28-03-2022 00:00,112.5,378.32,119.61,159.36,4.73
28-03-2022 00:00,29-03-2022 00:00,131.01,442.71,111.48,154.71,6.95
29-03-2022 00:00,30-03-2022 00:00,164.91,406.92,189.38,225.67,7.58
30-03-2022 00:00,31-03-2022 00:00,159.9,420.28,193.39,232.59,6.15
31-03-2022 00:00,01-04-2022 00:00,168.52,388.58,110.69,153.14,7.93
01-04-2022 00:00,02-04-2022 00:00,78.71,208.01,136.64,162.84,3.4
02-04-2022 00:00,03-04-2022 00:00,120.11,257.18,153.34,214.34,5.06
03-04-2022 00:00,04-04-2022 00:00,127.13,254.65,62.13,107.4,5.93
04-04-2022 00:00,05-04-2022 00:00,134.4,292.82,198.5,227.51,5.59
05-04-2022 00:00,06-04-2022 00:00,111.17,268.52,176.73,211.74,4.75
06-04-2022 00:00,07-04-2022 00:00,149.84,295.5,180.86,223.46,6.81
07-04-2022 00:00,08-04-2022 00:00,145.59,304.79,192.21,224.84,7.12
08-04-2022 00:00,09-04-2022 00:00,131.7,290.82,149.2,188.69,6.1
09-04-2022 00:00,10-04-2022 00:00,141.54,322.83,165.4,220.59,6.36
10-04-2022 00:00,11-04-2022 00:00,139.16,313.91,197.28,225.49,6.94
11-04-2022 00:00,12-04-2022 00:00,129.89,363.48,167,207.68,5.61
12-04-2022 00:00,13-04-2022 00:00,141.17,321.54,211.75,231.81,6.54
13-04-2022 00:00,14-04-2022 00:00,160.67,473.34,178.17,209.96,5.29
14-04-2022 00:00,15-04-2022 00:00,97.04,396.42,97.78,128.81,2.26
15-04-2022 00:00,16-04-2022 00:00,87.24,287.02,55.38,104.12,3.37
16-04-2022 00:00,17-04-2022 00:00,124.21,307.2,95.23,138.42,3.97
17-04-2022 00:00,18-04-2022 00:00,143.17,361.64,113.18,156.08,5.45
18-04-2022 00:00,19-04-2022 00:00,143.55,456.52,123.57,177.66,5.41
19-04-2022 00:00,20-04-2022 00:00,184.82,511.89,218.17,254.82,7.44
20-04-2022 00:00,21-04-2022 00:00,97,348.58,186.09,204.71,4.68
21-04-2022 00:00,22-04-2022 00:00,124.84,431.48,155.99,172.77,3.79
22-04-2022 00:00,23-04-2022 00:00,127.05,312.69,72.41,106.03,3.99
23-04-2022 00:00,24-04-2022 00:00,140.7,349.35,146.88,174.11,4.04
24-04-2022 00:00,25-04-2022 00:00,145.05,332.4,103.67,133.68,2.3
25-04-2022 00:00,26-04-2022 00:00,122.94,322.13,85.54,112.82,1.77
26-04-2022 00:00,27-04-2022 00:00,110.88,275.87,114.18,142.87,3.29
27-04-2022 00:00,28-04-2022 00:00,240.36,436.24,153.97,188.18,5.71
28-04-2022 00:00,29-04-2022 00:00,170.88,442.5,101.8,156.85,5.63
29-04-2022 00:00,30-04-2022 00:00,172.42,425.75,241.24,272.27,6.03
30-04-2022 00:00,01-05-2022 00:00,165,406.28,175.43,213.77,4.29
01-05-2022 00:00,02-05-2022 00:00,101.36,371.55,13.3,34.83,3.59
02-05-2022 00:00,03-05-2022 00:00,70.26,252.83,12.97,35.16,3.06
03-05-2022 00:00,04-05-2022 00:00,90.33,311.91,21.99,63.29,3.15
04-05-2022 00:00,05-05-2022 00:00,67.89,244.83,19.95,49.15,2.46
05-05-2022 00:00,06-05-2022 00:00,88.11,264.46,60.26,111.27,3.59
06-05-2022 00:00,07-05-2022 00:00,131.64,355.29,82.95,136.28,4.8
07-05-2022 00:00,08-05-2022 00:00,108.57,360.49,133.68,190.39,4.46
08-05-2022 00:00,09-05-2022 00:00,80.07,218.26,13.64,51.16,2.48
09-05-2022 00:00,10-05-2022 00:00,63.93,154.96,11.96,38.89,1.92
10-05-2022 00:00,11-05-2022 00:00,58.82,157.93,14.59,43.04,1.94
11-05-2022 00:00,12-05-2022 00:00,60.19,164.1,12.62,44.07,2.37
12-05-2022 00:00,13-05-2022 00:00,67.75,165.55,15.11,52.16,2.62
13-05-2022 00:00,14-05-2022 00:00,78.85,283.32,55.9,84.35,3.91
14-05-2022 00:00,15-05-2022 00:00,120.98,401.54,182.91,241.14,5.94
15-05-2022 00:00,16-05-2022 00:00,137.23,369.12,135.09,190.67,5.49
16-05-2022 00:00,17-05-2022 00:00,99.47,397.11,162.7,188.28,3.04
17-05-2022 00:00,18-05-2022 00:00,99.14,212.25,20.48,62.54,2.3
18-05-2022 00:00,19-05-2022 00:00,75.43,238.06,28.66,70.56,3.01
19-05-2022 00:00,20-05-2022 00:00,90.65,255.18,28.78,80.34,3
20-05-2022 00:00,21-05-2022 00:00,112.99,400.88,65.02,120.38,4.6
21-05-2022 00:00,22-05-2022 00:00,90.28,428.84,64.22,98.45,1.26
22-05-2022 00:00,23-05-2022 00:00,69.22,247.42,42.02,74.33,1.59
23-05-2022 00:00,24-05-2022 00:00,39.83,131.65,19.33,42.41,0.97
24-05-2022 00:00,25-05-2022 00:00,38.45,96.57,20.71,50.85,1.13
25-05-2022 00:00,26-05-2022 00:00,91.58,294.52,94.32,137.75,3.41
26-05-2022 00:00,27-05-2022 00:00,123.01,357.14,72.54,130.56,4.14
27-05-2022 00:00,28-05-2022 00:00,95.74,325,86.38,135.01,2.21
28-05-2022 00:00,29-05-2022 00:00,92.82,419.31,51.4,87.97,2.08
29-05-2022 00:00,30-05-2022 00:00,92.68,330.39,58.01,82.58,1.58
30-05-2022 00:00,31-05-2022 00:00,75.7,220.47,58.85,78.99,2.15
31-05-2022 00:00,01-06-2022 00:00,123.13,394.2,101.66,136.93,5.82
01-06-2022 00:00,02-06-2022 00:00,135.61,516.19,173.97,208.34,4.81
02-06-2022 00:00,03-06-2022 00:00,105.79,430.89,153.93,179.79,4.09
03-06-2022 00:00,04-06-2022 00:00,125.65,455.67,191.16,218.32,5.76
04-06-2022 00:00,05-06-2022 00:00,111.39,446.71,122.36,151.37,6.13
05-06-2022 00:00,06-06-2022 00:00,81.18,399.49,166.01,193.02,2.4
06-06-2022 00:00,07-06-2022 00:00,74.75,331.58,146.39,174.86,2.72
07-06-2022 00:00,08-06-2022 00:00,117.08,441.42,208.39,230.93,3.19
08-06-2022 00:00,09-06-2022 00:00,122.16,507.21,169.25,181.74,3.18
09-06-2022 00:00,10-06-2022 00:00,49.61,375.44,148.25,170.89,2.91
10-06-2022 00:00,11-06-2022 00:00,82.48,459.86,187.67,201.36,2.4
11-06-2022 00:00,12-06-2022 00:00,89.47,447.61,190.55,202.95,3.55
12-06-2022 00:00,13-06-2022 00:00,100.65,362.31,156.31,174.85,2.72
13-06-2022 00:00,14-06-2022 00:00,81.9,311.08,121.67,139.9,1.97
14-06-2022 00:00,15-06-2022 00:00,86.76,331.75,109.22,122.22,1.34
15-06-2022 00:00,16-06-2022 00:00,46.35,200.56,91.75,108.45,1.24
16-06-2022 00:00,17-06-2022 00:00,39.93,163.07,73.71,98.86,1.32
17-06-2022 00:00,18-06-2022 00:00,35.75,103.43,55.24,78.38,1.56
18-06-2022 00:00,19-06-2022 00:00,41.87,119.49,43.54,65.65,1.75
19-06-2022 00:00,20-06-2022 00:00,65.34,249.9,76.5,100.1,2.53
20-06-2022 00:00,21-06-2022 00:00,67.15,253.95,58.5,87.31,1.99
21-06-2022 00:00,22-06-2022 00:00,56.41,155.22,29.78,58.98,1.62
22-06-2022 00:00,23-06-2022 00:00,69.82,239.9,38.73,60.8,1.44
23-06-2022 00:00,24-06-2022 00:00,69.26,259.37,59.33,83.23,1.3
24-06-2022 00:00,25-06-2022 00:00,94.78,326.09,83.11,111.57,2.29
25-06-2022 00:00,26-06-2022 00:00,141.11,372.32,95.21,129.65,3.59
26-06-2022 00:00,27-06-2022 00:00,70.8,166.54,13.68,34.34,1.31
27-06-2022 00:00,28-06-2022 00:00,57.9,132.95,10.36,28.26,1.19
28-06-2022 00:00,29-06-2022 00:00,80.19,171.28,12.62,35.67,1.42
29-06-2022 00:00,30-06-2022 00:00,62.64,148.97,14.93,34.8,1.23
30-06-2022 00:00,01-07-2022 00:00,37.84,58.11,24.58,46.04,1.31
01-07-2022 00:00,02-07-2022 00:00,41.25,68.36,29.68,51.75,1.5
02-07-2022 00:00,03-07-2022 00:00,66.06,116.08,22.39,42.77,1.84
03-07-2022 00:00,04-07-2022 00:00,49.68,93.17,36.59,52.64,1.7
04-07-2022 00:00,05-07-2022 00:00,78.01,167.77,37.9,71.92,2.2
05-07-2022 00:00,06-07-2022 00:00,65.44,132.15,15.53,38.27,1.18
06-07-2022 00:00,07-07-2022 00:00,54.52,116.93,15.54,37.27,1.15
07-07-2022 00:00,08-07-2022 00:00,43.79,114.86,15.33,34.78,0.97
08-07-2022 00:00,09-07-2022 00:00,40.77,112.58,15.88,38.64,0.85
09-07-2022 00:00,10-07-2022 00:00,40.41,114.71,17.65,38.67,1.14
10-07-2022 00:00,11-07-2022 00:00,44.81,129.27,25.01,44.69,1.09
11-07-2022 00:00,12-07-2022 00:00,52.77,175.73,45.48,68.59,1.72
12-07-2022 00:00,13-07-2022 00:00,53.1,145.81,46.32,72.65,1.76
13-07-2022 00:00,14-07-2022 00:00,36.35,121.73,31.31,50.43,1.15
14-07-2022 00:00,15-07-2022 00:00,41.12,146.47,37.67,56.93,1.33
15-07-2022 00:00,16-07-2022 00:00,32,128.2,25.86,43.7,1.07
16-07-2022 00:00,17-07-2022 00:00,22.43,73.52,49.18,65.51,1.12
17-07-2022 00:00,18-07-2022 00:00,26.12,68.04,35.14,56.02,0.84
18-07-2022 00:00,19-07-2022 00:00,47.38,178.89,39.13,65.81,1.9
19-07-2022 00:00,20-07-2022 00:00,62.37,250.82,41.47,81.26,1.97
20-07-2022 00:00,21-07-2022 00:00,39.09,161.88,93.91,113.56,1.5
21-07-2022 00:00,22-07-2022 00:00,53.23,144.62,44.06,72.9,1.43
22-07-2022 00:00,23-07-2022 00:00,51.22,113.73,51.53,74.47,1.66
23-07-2022 00:00,24-07-2022 00:00,29.39,75.4,16.31,34.14,0.86
24-07-2022 00:00,25-07-2022 00:00,27.01,118.04,18.13,32.92,0.78
25-07-2022 00:00,26-07-2022 00:00,21.18,70.54,10.36,24.51,0.55
26-07-2022 00:00,27-07-2022 00:00,31.25,75.6,10.63,24.27,0.65
27-07-2022 00:00,28-07-2022 00:00,48.24,99.2,8.88,28.05,1.02
28-07-2022 00:00,29-07-2022 00:00,23.38,187.14,85.93,97.45,1.46
29-07-2022 00:00,30-07-2022 00:00,25.7,254.62,79.54,85.56,1.09
30-07-2022 00:00,31-07-2022 00:00,32.33,118.23,80.48,87.94,1.96
31-07-2022 00:00,01-08-2022 00:00,34.72,86.49,59.87,72.41,1.19
01-08-2022 00:00,02-08-2022 00:00,41.99,121.47,102.35,109,1.32
02-08-2022 00:00,03-08-2022 00:00,54.03,345.55,105.49,116.09,1.19
03-08-2022 00:00,04-08-2022 00:00,61.62,269.7,62.99,85.08,1.95
04-08-2022 00:00,05-08-2022 00:00,47.02,119.28,17.39,34.72,1.05
05-08-2022 00:00,06-08-2022 00:00,45.45,96.66,42.64,54.11,1.11
06-08-2022 00:00,07-08-2022 00:00,60.65,152.81,40.04,68.25,1.56
07-08-2022 00:00,08-08-2022 00:00,57.76,148.94,33.75,47.91,1
08-08-2022 00:00,09-08-2022 00:00,50.99,152.41,36.42,62.35,1.05
09-08-2022 00:00,10-08-2022 00:00,48.96,141.03,21.49,45.42,0.94
10-08-2022 00:00,11-08-2022 00:00,28.65,117.06,21.13,47.38,0.79
11-08-2022 00:00,12-08-2022 00:00,19.46,99.81,24.41,38.02,0.46
12-08-2022 00:00,13-08-2022 00:00,23.28,95.22,16.2,31.53,0.51
13-08-2022 00:00,14-08-2022 00:00,30.55,100.47,32.04,48.73,0.56
14-08-2022 00:00,15-08-2022 00:00,38.74,209.67,66.51,81.28,0.74
15-08-2022 00:00,16-08-2022 00:00,20.02,100.1,21.79,33.25,0.53
16-08-2022 00:00,17-08-2022 00:00,16.61,73.12,13.11,27.34,0.45
17-08-2022 00:00,18-08-2022 00:00,14.2,54.22,14.63,31.26,0.51
18-08-2022 00:00,19-08-2022 00:00,28.82,227.65,79.47,95.2,0.76
19-08-2022 00:00,20-08-2022 00:00,27.72,264.76,78.14,86.81,0.71
20-08-2022 00:00,21-08-2022 00:00,45.9,228.57,80.98,98.31,1.25
21-08-2022 00:00,22-08-2022 00:00,63.45,285.72,65.79,80.5,1.04
22-08-2022 00:00,23-08-2022 00:00,38.41,134.99,19.86,34.28,0.76
23-08-2022 00:00,24-08-2022 00:00,25.01,96.76,10.85,24.13,0.53
24-08-2022 00:00,25-08-2022 00:00,22.24,65.68,13.81,27.38,0.6
25-08-2022 00:00,26-08-2022 00:00,50.9,228.76,53.92,76.88,1.01
26-08-2022 00:00,27-08-2022 00:00,53.26,294.7,87.26,98.53,0.95
27-08-2022 00:00,28-08-2022 00:00,43.18,290.55,82.86,91.2,0.96
28-08-2022 00:00,29-08-2022 00:00,50.24,294.1,102.16,110.07,0.89
29-08-2022 00:00,30-08-2022 00:00,52.33,237.55,62.84,78.51,0.94
30-08-2022 00:00,31-08-2022 00:00,64.18,232.73,80.51,106.9,1.47
31-08-2022 00:00,01-09-2022 00:00,56.92,295.62,100.98,114.91,1.1
01-09-2022 00:00,02-09-2022 00:00,69.97,375.44,88.32,105.57,1.59
02-09-2022 00:00,03-09-2022 00:00,64.79,193.1,83.06,110.61,2.71
03-09-2022 00:00,04-09-2022 00:00,47.6,372.23,103.82,110.93,1.47
04-09-2022 00:00,05-09-2022 00:00,40.9,309.91,77.04,88.3,0.78
05-09-2022 00:00,06-09-2022 00:00,46.24,293.12,70.89,83.49,1
06-09-2022 00:00,07-09-2022 00:00,57.62,304.21,72.83,87.37,1.17
07-09-2022 00:00,08-09-2022 00:00,63.55,262.16,36.62,60.95,1.1
08-09-2022 00:00,09-09-2022 00:00,70.73,207.04,19.22,43.51,1.1
09-09-2022 00:00,10-09-2022 00:00,61.73,130.09,9.78,28.53,0.93
10-09-2022 00:00,11-09-2022 00:00,54.4,113.14,17.62,33.78,0.92
11-09-2022 00:00,12-09-2022 00:00,27.02,76.91,7.38,20.97,0.57
12-09-2022 00:00,13-09-2022 00:00,26.1,90.95,14.46,27,0.66
13-09-2022 00:00,14-09-2022 00:00,23.31,83.12,14.76,27.78,0.73
14-09-2022 00:00,15-09-2022 00:00,20.81,74.03,14.04,26.72,0.81
15-09-2022 00:00,16-09-2022 00:00,18.97,73.8,26.29,35.43,0.67
16-09-2022 00:00,17-09-2022 00:00,19.57,42.6,52.74,59.63,1.12
17-09-2022 00:00,18-09-2022 00:00,40.21,172.69,36.31,52.18,1.25
18-09-2022 00:00,19-09-2022 00:00,71.55,393.2,60.23,78.23,1.43
19-09-2022 00:00,20-09-2022 00:00,99.1,473.11,87.05,102.95,1.95
20-09-2022 00:00,21-09-2022 00:00,72.59,359.38,66.75,84.57,2.31
21-09-2022 00:00,22-09-2022 00:00,52.27,189.47,75.22,89.32,1.69
22-09-2022 00:00,23-09-2022 00:00,32.09,69.95,54.15,65.75,1.13
23-09-2022 00:00,24-09-2022 00:00,33.38,52.21,44.12,60.8,1.09
24-09-2022 00:00,25-09-2022 00:00,28.72,50.35,17.51,34.05,0.76
25-09-2022 00:00,26-09-2022 00:00,27.11,85.24,71.57,84.35,1.09
26-09-2022 00:00,27-09-2022 00:00,61.59,240.43,71.14,85.7,1.78
27-09-2022 00:00,28-09-2022 00:00,57.39,417.93,88,102.54,1.97
28-09-2022 00:00,29-09-2022 00:00,90.35,559.6,115.3,131.12,2.62
29-09-2022 00:00,30-09-2022 00:00,97.47,574.12,103.17,121.71,2.41
30-09-2022 00:00,01-10-2022 00:00,107.01,554.88,99.24,120.34,2.51
01-10-2022 00:00,02-10-2022 00:00,108.54,567.01,135.7,150.26,2.57
02-10-2022 00:00,03-10-2022 00:00,94.53,543.08,129.51,147.82,2.29
03-10-2022 00:00,04-10-2022 00:00,63.29,455.82,59.57,99.48,1.13
04-10-2022 00:00,05-10-2022 00:00,87.57,470.38,90.14,128.01,1.59
05-10-2022 00:00,06-10-2022 00:00,112.89,330.83,32.38,68.52,2.18
06-10-2022 00:00,07-10-2022 00:00,16.38,64.79,13.7,27.01,0.41
07-10-2022 00:00,08-10-2022 00:00,24.01,70.88,22.99,38.55,1.07
08-10-2022 00:00,09-10-2022 00:00,25.92,56.68,18.28,32.22,0.66
09-10-2022 00:00,10-10-2022 00:00,18.28,39.18,15.24,24.32,0.54
10-10-2022 00:00,11-10-2022 00:00,19.51,40.87,14.4,23.23,0.55
11-10-2022 00:00,12-10-2022 00:00,43.85,95.47,105.16,110.61,2.08
12-10-2022 00:00,13-10-2022 00:00,106.64,304.44,118.05,137.07,3.63
13-10-2022 00:00,14-10-2022 00:00,72.01,415.3,128.34,142.65,2.16
14-10-2022 00:00,15-10-2022 00:00,88.48,446.72,88.09,111.56,1.88
15-10-2022 00:00,16-10-2022 00:00,120.23,631.69,152.7,197.71,3.87
16-10-2022 00:00,17-10-2022 00:00,163.98,548.6,167.23,190.8,4.54
17-10-2022 00:00,18-10-2022 00:00,154.51,573.52,182.46,210.99,4.63
18-10-2022 00:00,19-10-2022 00:00,162.16,583.05,56.58,100.66,5.88
19-10-2022 00:00,20-10-2022 00:00,167.76,632.39,23.59,82.11,5.35
20-10-2022 00:00,21-10-2022 00:00,137.51,500.34,19.88,82.84,3.68
21-10-2022 00:00,22-10-2022 00:00,151.03,497.98,31.68,76.59,4.46
22-10-2022 00:00,23-10-2022 00:00,141.41,497.8,46.14,79.11,4.34
23-10-2022 00:00,24-10-2022 00:00,152.53,544.89,45.4,93.31,3.32
24-10-2022 00:00,25-10-2022 00:00,181.19,466.93,28.49,78.37,2.7
25-10-2022 00:00,26-10-2022 00:00,179.21,421.96,156.69,173.6,2.42
26-10-2022 00:00,27-10-2022 00:00,153.41,438.74,202.06,228.76,3.33
27-10-2022 00:00,28-10-2022 00:00,230.7,605.61,185.97,217.21,5.68
28-10-2022 00:00,29-10-2022 00:00,267.48,647.07,177.21,250.26,7.27
29-10-2022 00:00,30-10-2022 00:00,252.13,633.52,203.51,240.67,7.14
30-10-2022 00:00,31-10-2022 00:00,283.96,586.76,186.13,221.59,7.69
31-10-2022 00:00,01-11-2022 00:00,294.62,543.81,196.86,239.04,6.85
01-11-2022 00:00,02-11-2022 00:00,293.94,521.29,139.53,200.48,6.51
02-11-2022 00:00,03-11-2022 00:00,276.01,547.35,195.67,227.22,4.87
03-11-2022 00:00,04-11-2022 00:00,398.79,687.22,202.04,227.85,6.57
04-11-2022 00:00,05-11-2022 00:00,320.45,572.09,49.17,109.72,7.5
05-11-2022 00:00,06-11-2022 00:00,172.2,306.3,39.89,72.77,2.5
06-11-2022 00:00,07-11-2022 00:00,169.07,313.82,77.83,113.03,3.06
07-11-2022 00:00,08-11-2022 00:00,193.11,372.34,151.06,164.73,3.73
08-11-2022 00:00,09-11-2022 00:00,230.47,387.84,106.65,176.61,3.69
09-11-2022 00:00,10-11-2022 00:00,130.69,306.06,128.65,166.72,3.07
10-11-2022 00:00,11-11-2022 00:00,195.62,432.75,189.75,252.26,3.94
11-11-2022 00:00,12-11-2022 00:00,186.35,391.55,208.44,270.77,3.31
12-11-2022 00:00,13-11-2022 00:00,193.65,413.55,178.97,194.29,3.69
13-11-2022 00:00,14-11-2022 00:00,168.86,422.57,None,None,3.89
14-11-2022 00:00,15-11-2022 00:00,160.94,409.61,42.95,79.81,4.55
15-11-2022 00:00,16-11-2022 00:00,116.69,329.15,125.57,143.73,3.36
16-11-2022 00:00,17-11-2022 00:00,117.4,249.28,92.25,109.1,2.66
17-11-2022 00:00,18-11-2022 00:00,126.86,294.42,133.19,149.77,2.87
18-11-2022 00:00,19-11-2022 00:00,156.3,373.35,174.04,190.48,3.02
19-11-2022 00:00,20-11-2022 00:00,191.57,499.79,249.75,261.34,5.56
20-11-2022 00:00,21-11-2022 00:00,230.4,471.91,205.63,221.12,4.02
21-11-2022 00:00,22-11-2022 00:00,171.68,391.14,175.18,197.86,3.25
22-11-2022 00:00,23-11-2022 00:00,123.98,336.45,163.23,181.05,3.35
23-11-2022 00:00,24-11-2022 00:00,123.18,365.04,213.29,221.52,3.38
24-11-2022 00:00,25-11-2022 00:00,126.95,321.96,127.66,156.58,3.05
25-11-2022 00:00,26-11-2022 00:00,242.43,466.42,198.97,241.02,7.44
26-11-2022 00:00,27-11-2022 00:00,223.27,427.9,197.14,222.87,5.47
27-11-2022 00:00,28-11-2022 00:00,234.99,463.77,157.3,191.82,5.84
28-11-2022 00:00,29-11-2022 00:00,287.26,539.79,185.95,228.35,7.51
29-11-2022 00:00,30-11-2022 00:00,306.11,579.51,150.31,195.68,9.2
30-11-2022 00:00,01-12-2022 00:00,267.54,530.39,228.04,269.35,5.64
01-12-2022 00:00,02-12-2022 00:00,269.93,497.49,210.27,253.46,6.27
02-12-2022 00:00,03-12-2022 00:00,248.84,445.04,173.31,260.05,5.37
03-12-2022 00:00,04-12-2022 00:00,294.94,494.35,97.59,175.34,5.85
04-12-2022 00:00,05-12-2022 00:00,323.55,519.66,161.97,207.55,6.43
05-12-2022 00:00,06-12-2022 00:00,220.81,415.91,218.04,257.8,4.63
06-12-2022 00:00,07-12-2022 00:00,197.21,344.75,223.87,255.04,3.73
07-12-2022 00:00,08-12-2022 00:00,139.67,257.33,178.84,206.39,2.75
08-12-2022 00:00,09-12-2022 00:00,179.23,314.13,187.41,212.11,4.21
09-12-2022 00:00,10-12-2022 00:00,207.26,356.68,200.36,235.44,4.36
10-12-2022 00:00,11-12-2022 00:00,317.55,451.28,203.53,265.53,8.1
11-12-2022 00:00,12-12-2022 00:00,180.88,298.08,175.96,206.17,4.28
12-12-2022 00:00,13-12-2022 00:00,116.45,237.22,177.19,204.7,3.09
13-12-2022 00:00,14-12-2022 00:00,86.35,210.06,135.35,156.94,1.97
14-12-2022 00:00,15-12-2022 00:00,106.21,201.95,126.4,144.93,2.11
15-12-2022 00:00,16-12-2022 00:00,115.91,228.78,198.47,210.51,2.56
16-12-2022 00:00,17-12-2022 00:00,189.76,321.28,153.14,177.91,3.82
17-12-2022 00:00,18-12-2022 00:00,279.21,420.82,255.17,264.06,5.89
18-12-2022 00:00,19-12-2022 00:00,378.27,519.88,239.36,284.37,6.6
19-12-2022 00:00,20-12-2022 00:00,365.44,477.48,260.16,280.68,7.56
20-12-2022 00:00,21-12-2022 00:00,263.8,436.11,172.89,199.67,4.84
21-12-2022 00:00,22-12-2022 00:00,226.49,439.15,106.06,123.54,3.18
22-12-2022 00:00,23-12-2022 00:00,270.97,471.55,144.67,170.04,3.93
23-12-2022 00:00,24-12-2022 00:00,203.24,333.41,90.63,115.69,3.93
24-12-2022 00:00,25-12-2022 00:00,183.4,320.05,142.09,161.24,3.44
25-12-2022 00:00,26-12-2022 00:00,198.77,307.49,120.52,135.37,2.86
26-12-2022 00:00,27-12-2022 00:00,243.19,363.51,156.9,165.28,3.97
27-12-2022 00:00,28-12-2022 00:00,217.62,326.75,174.25,188.34,4.86
28-12-2022 00:00,29-12-2022 00:00,174.25,330.57,190.96,212.73,4.18
29-12-2022 00:00,30-12-2022 00:00,198.48,364.08,145.26,196.75,3.53
30-12-2022 00:00,31-12-2022 00:00,257.34,376.15,34.28,78.08,4.85
31-12-2022 00:00,01-01-2023 00:00,189.61,334.48,170.18,187.71,7.87
01-01-2023 00:00,02-01-2023 00:00,160.84,301.35,198.75,214.98,8.35
02-01-2023 00:00,03-01-2023 00:00,245.8,389.87,76.64,102,8.88
03-01-2023 00:00,04-01-2023 00:00,270.96,417.47,95.24,116.27,8.5
04-01-2023 00:00,05-01-2023 00:00,247.57,385.91,137.07,152.67,8.51
05-01-2023 00:00,06-01-2023 00:00,321.72,509.01,158.5,180.23,10.78
06-01-2023 00:00,07-01-2023 00:00,350.16,543.61,169.95,212.8,11.2
07-01-2023 00:00,08-01-2023 00:00,319.39,456,184.69,210.77,10.93
08-01-2023 00:00,09-01-2023 00:00,344.51,521.46,205.38,222.49,10.81
09-01-2023 00:00,10-01-2023 00:00,494.15,685.09,172.58,195.21,14.97
10-01-2023 00:00,11-01-2023 00:00,295.65,455.45,172.01,191.66,11.66
11-01-2023 00:00,12-01-2023 00:00,208.49,321.88,63.91,94.23,8.68
12-01-2023 00:00,13-01-2023 00:00,219.76,337.08,31.16,64.7,9.04
13-01-2023 00:00,14-01-2023 00:00,225.83,335.02,75.65,103.11,9.71
14-01-2023 00:00,15-01-2023 00:00,190.25,324.56,120.19,139.46,7.76
15-01-2023 00:00,16-01-2023 00:00,134.86,341.29,174.44,194.53,5.74
16-01-2023 00:00,17-01-2023 00:00,216.69,503.8,224.18,241.89,8.34
17-01-2023 00:00,18-01-2023 00:00,228.82,447,169.34,182.25,7.22
18-01-2023 00:00,19-01-2023 00:00,303.85,578.25,241.95,265.98,6.77
19-01-2023 00:00,20-01-2023 00:00,268,535.44,179.6,210.47,9.41
20-01-2023 00:00,21-01-2023 00:00,109.19,229.7,58.83,77.97,4.9
21-01-2023 00:00,22-01-2023 00:00,237.3,417.81,108.57,130.32,7.71
22-01-2023 00:00,23-01-2023 00:00,296.48,488.76,136.47,169.82,11.08
23-01-2023 00:00,24-01-2023 00:00,190.96,403.57,98.42,125.84,8.29
24-01-2023 00:00,25-01-2023 00:00,83.09,187.65,28.29,49.85,5.46
25-01-2023 00:00,26-01-2023 00:00,132.92,255.18,113.03,129.9,8.61
26-01-2023 00:00,27-01-2023 00:00,168.56,261.41,70.3,80.58,6.41
27-01-2023 00:00,28-01-2023 00:00,111.47,228.46,110.79,128.92,5.79
28-01-2023 00:00,29-01-2023 00:00,139.22,316.27,172.97,196.19,8.08
29-01-2023 00:00,30-01-2023 00:00,288.66,464.38,145.31,190.18,10.02
30-01-2023 00:00,31-01-2023 00:00,92.71,171.15,77.95,113.46,None
31-01-2023 00:00,01-02-2023 00:00,108.89,268.24,150.02,151.06,3.04
01-02-2023 00:00,02-02-2023 00:00,95.94,305.44,114.07,128.54,4.3
02-02-2023 00:00,03-02-2023 00:00,101.88,358.65,123.14,141.64,5.02
03-02-2023 00:00,04-02-2023 00:00,138.91,475.41,146.13,161.63,7.19
04-02-2023 00:00,05-02-2023 00:00,150.39,564.68,245.32,269.19,6.73
05-02-2023 00:00,06-02-2023 00:00,121.8,390.74,168.18,195.59,6.82
06-02-2023 00:00,07-02-2023 00:00,182.6,498.11,101.52,133.59,7.53
07-02-2023 00:00,08-02-2023 00:00,158.77,462.09,175.8,181.87,7.84
08-02-2023 00:00,09-02-2023 00:00,85.46,424.01,147.97,162.69,5.32
09-02-2023 00:00,10-02-2023 00:00,101.28,334.1,107.19,126.79,5.76
10-02-2023 00:00,11-02-2023 00:00,96.73,237.91,33.03,58.72,4.66
11-02-2023 00:00,12-02-2023 00:00,153.22,459.78,126.7,146.34,7.58
12-02-2023 00:00,13-02-2023 00:00,55.48,269.05,81.46,92.57,3.08
13-02-2023 00:00,14-02-2023 00:00,47.72,238.52,59.76,74.42,2.66
14-02-2023 00:00,15-02-2023 00:00,82.8,236.67,87.3,105.13,5.59
15-02-2023 00:00,16-02-2023 00:00,105.84,291.04,122.52,141.87,6.46
16-02-2023 00:00,17-02-2023 00:00,216.94,481.53,140.43,174.83,None
17-02-2023 00:00,18-02-2023 00:00,290.76,545.35,172.78,207.21,None
18-02-2023 00:00,19-02-2023 00:00,260.26,520.81,194.87,230.65,None
19-02-2023 00:00,20-02-2023 00:00,208.53,396.16,149.74,173.46,None
20-02-2023 00:00,21-02-2023 00:00,175.42,359.79,131.29,169.84,None
21-02-2023 00:00,22-02-2023 00:00,128.46,276.58,71.21,109.99,None
22-02-2023 00:00,23-02-2023 00:00,162.45,321.08,115.76,151.97,None
23-02-2023 00:00,24-02-2023 00:00,83.48,239.58,170.23,187.76,None
24-02-2023 00:00,25-02-2023 00:00,83.12,242.78,150.18,178.25,None
25-02-2023 00:00,26-02-2023 00:00,133,340.66,185.62,216.55,None
26-02-2023 00:00,27-02-2023 00:00,167.71,426.49,130.75,175.48,None
27-02-2023 00:00,28-02-2023 00:00,157.01,342.68,135.72,172.4,None
28-02-2023 00:00,01-03-2023 00:00,117.72,291.91,42.81,87.97,None
01-03-2023 00:00,02-03-2023 00:00,96.2,315.76,182.77,204.81,None
02-03-2023 00:00,03-03-2023 00:00,106.63,306.77,121.97,149.64,None
03-03-2023 00:00,04-03-2023 00:00,69.29,206.89,107.94,126.62,None
04-03-2023 00:00,05-03-2023 00:00,57.57,270.28,93.86,114.45,None
05-03-2023 00:00,06-03-2023 00:00,69.78,229.55,92.37,111.78,None
06-03-2023 00:00,07-03-2023 00:00,70.99,235.82,105.23,126.95,None
07-03-2023 00:00,08-03-2023 00:00,103.33,289.16,153.28,174.93,None
08-03-2023 00:00,09-03-2023 00:00,162.65,341.97,105.67,128.85,None
09-03-2023 00:00,10-03-2023 00:00,63.07,183.96,88.67,110.94,None
10-03-2023 00:00,11-03-2023 00:00,108.35,271.76,140.94,160.31,None
11-03-2023 00:00,12-03-2023 00:00,131.05,320.39,175.5,189.98,None
12-03-2023 00:00,13-03-2023 00:00,127.67,394.11,124.8,155.77,None
13-03-2023 00:00,14-03-2023 00:00,129.27,362.07,158.99,192.74,None
14-03-2023 00:00,15-03-2023 00:00,110.34,334.09,153.9,182.71,None
15-03-2023 00:00,16-03-2023 00:00,165.39,481.26,155.2,194.73,None
16-03-2023 00:00,17-03-2023 00:00,120.38,321.86,75.1,99.69,None
17-03-2023 00:00,18-03-2023 00:00,105.02,274.04,48.1,76.22,None
18-03-2023 00:00,19-03-2023 00:00,67.09,127.72,35.07,60.46,None
19-03-2023 00:00,20-03-2023 00:00,108.66,258.77,100.52,119.38,None
20-03-2023 00:00,21-03-2023 00:00,114.41,285.22,59.17,78.57,None
21-03-2023 00:00,22-03-2023 00:00,70.07,164.13,61.42,78.69,None
22-03-2023 00:00,23-03-2023 00:00,99.13,263.04,109.65,130.16,None
23-03-2023 00:00,24-03-2023 00:00,122.58,282.02,141.19,155.66,None
24-03-2023 00:00,25-03-2023 00:00,127.64,247.79,79.33,99.91,None
25-03-2023 00:00,26-03-2023 00:00,52.56,148.41,70.54,89.36,None
26-03-2023 00:00,27-03-2023 00:00,103.06,226.5,74.06,98.49,None
27-03-2023 00:00,28-03-2023 00:00,82.32,169.56,90.07,112.04,None
28-03-2023 00:00,29-03-2023 00:00,81.77,205.04,112.29,141.02,None
29-03-2023 00:00,30-03-2023 00:00,124.08,291.97,94.06,130.11,None
30-03-2023 00:00,31-03-2023 00:00,105.12,263.57,75.54,102.3,None
31-03-2023 00:00,01-04-2023 00:00,43.25,83.52,42.91,63.08,None
01-04-2023 00:00,02-04-2023 00:00,54.49,136.02,52.74,74.2,None
02-04-2023 00:00,03-04-2023 00:00,93.9,261.56,119.9,151.9,None
03-04-2023 00:00,04-04-2023 00:00,143.61,315.72,106.79,127.13,None
04-04-2023 00:00,05-04-2023 00:00,74.83,201.82,84.52,104.38,None
05-04-2023 00:00,06-04-2023 00:00,72.72,196.09,95.19,120.96,None
06-04-2023 00:00,07-04-2023 00:00,48.17,145.07,95.46,114.53,None
07-04-2023 00:00,08-04-2023 00:00,52.99,154.08,94.32,116.91,None
08-04-2023 00:00,09-04-2023 00:00,81.17,201.4,128.49,153.09,None
09-04-2023 00:00,10-04-2023 00:00,152.08,324.38,199.19,220.95,None
10-04-2023 00:00,11-04-2023 00:00,136.82,340.55,159.93,183.81,None
11-04-2023 00:00,12-04-2023 00:00,160.29,330.46,210.51,238.43,None
12-04-2023 00:00,13-04-2023 00:00,100.88,257.26,145.12,172.75,None
13-04-2023 00:00,14-04-2023 00:00,109.05,285.95,157.67,192.71,None
14-04-2023 00:00,15-04-2023 00:00,119.7,277.36,195,221.12,None
15-04-2023 00:00,16-04-2023 00:00,147.02,342.54,198.35,229.58,None
16-04-2023 00:00,17-04-2023 00:00,121.62,355.76,176.6,214.21,None
17-04-2023 00:00,18-04-2023 00:00,131.76,383.03,142.95,183.09,None
18-04-2023 00:00,19-04-2023 00:00,121.32,390.3,165.93,198.19,None
19-04-2023 00:00,20-04-2023 00:00,75.69,271.79,96.4,132.92,None
20-04-2023 00:00,21-04-2023 00:00,54.51,149.35,121.47,160.97,None
21-04-2023 00:00,22-04-2023 00:00,48.26,200,42.95,80.91,None
22-04-2023 00:00,23-04-2023 00:00,51.55,180.73,28.03,61.31,None
23-04-2023 00:00,24-04-2023 00:00,31.83,157.22,74.89,98.77,None
24-04-2023 00:00,25-04-2023 00:00,74.71,241.03,77.94,108.4,None
25-04-2023 00:00,26-04-2023 00:00,66.25,182.97,46.28,79.27,None
26-04-2023 00:00,27-04-2023 00:00,105.61,279.1,89.65,134.72,None
27-04-2023 00:00,28-04-2023 00:00,98.53,300.6,82.6,129.53,None
28-04-2023 00:00,29-04-2023 00:00,83.55,225.89,78.09,128.33,None
29-04-2023 00:00,30-04-2023 00:00,81.5,246.23,139.54,181.46,None
30-04-2023 00:00,01-05-2023 00:00,53.71,119.67,40.02,79.57,None
01-05-2023 00:00,02-05-2023 00:00,47.97,73.25,18.61,46.49,None
02-05-2023 00:00,03-05-2023 00:00,45.39,92.94,20.35,46.91,None
03-05-2023 00:00,04-05-2023 00:00,58.47,109.53,51.6,74.77,None
04-05-2023 00:00,05-05-2023 00:00,84.83,180.65,64.99,102.5,None
05-05-2023 00:00,06-05-2023 00:00,98.09,275.24,157.43,197.67,None
06-05-2023 00:00,07-05-2023 00:00,142.22,396.29,201.94,238.95,None
07-05-2023 00:00,08-05-2023 00:00,77.45,249.88,94.38,141.23,None
08-05-2023 00:00,09-05-2023 00:00,62.24,169.09,56.6,99.85,None
09-05-2023 00:00,10-05-2023 00:00,113.42,333.6,160.66,211.51,None
10-05-2023 00:00,11-05-2023 00:00,97.26,253.81,147.44,191.18,None
11-05-2023 00:00,12-05-2023 00:00,174.09,447.71,198.3,258.17,None
12-05-2023 00:00,13-05-2023 00:00,125.03,368.17,150.86,222.43,None
13-05-2023 00:00,14-05-2023 00:00,138.11,322.92,85.4,136.24,None
14-05-2023 00:00,15-05-2023 00:00,129.17,333.65,149.29,203.26,None
15-05-2023 00:00,16-05-2023 00:00,41.91,188.58,80.52,131.52,None
16-05-2023 00:00,17-05-2023 00:00,177.97,521.36,128.88,159.13,None
17-05-2023 00:00,18-05-2023 00:00,100.98,337.59,113.42,159.81,None
18-05-2023 00:00,19-05-2023 00:00,48.4,174.8,38.95,77.78,None
19-05-2023 00:00,20-05-2023 00:00,90.18,231.77,105.98,154.7,None
20-05-2023 00:00,21-05-2023 00:00,105.51,265.19,120.74,180.24,None
21-05-2023 00:00,22-05-2023 00:00,117.61,331.13,85.16,169,None
22-05-2023 00:00,23-05-2023 00:00,89.34,318.48,174.5,220.35,None
23-05-2023 00:00,24-05-2023 00:00,59.95,277.42,180.76,206.86,None
24-05-2023 00:00,25-05-2023 00:00,24.74,138.19,57.21,103.53,None
25-05-2023 00:00,26-05-2023 00:00,27.64,168.05,36.93,112.29,None
26-05-2023 00:00,27-05-2023 00:00,26.81,137.9,93.42,157.26,None
27-05-2023 00:00,28-05-2023 00:00,41.5,185,123.52,173.59,None
28-05-2023 00:00,29-05-2023 00:00,67.75,246.27,109.95,164.91,None
29-05-2023 00:00,30-05-2023 00:00,45.09,196.66,115.07,168.1,None
30-05-2023 00:00,31-05-2023 00:00,47.19,128.78,109.12,165.38,None
31-05-2023 00:00,01-06-2023 00:00,51.25,142.38,185.76,223.04,None
01-06-2023 00:00,02-06-2023 00:00,63.35,170.52,142.78,191.63,None
02-06-2023 00:00,03-06-2023 00:00,40.53,140.3,63.91,128.96,None
03-06-2023 00:00,04-06-2023 00:00,103.55,223.04,75.86,127.45,None
04-06-2023 00:00,05-06-2023 00:00,103.27,219.84,66.76,125.58,None
05-06-2023 00:00,06-06-2023 00:00,79.36,243.03,121.13,164.42,None
06-06-2023 00:00,07-06-2023 00:00,173,None,86.03,125.42,None
07-06-2023 00:00,08-06-2023 00:00,70.04,291.19,123.65,165.14,None
08-06-2023 00:00,09-06-2023 00:00,50.42,178.59,96.54,141.67,None
09-06-2023 00:00,10-06-2023 00:00,56.89,205.81,144.69,178.15,None
10-06-2023 00:00,11-06-2023 00:00,49.76,198.91,156.7,182.74,None
11-06-2023 00:00,12-06-2023 00:00,47.44,184.98,95.87,123.93,None
12-06-2023 00:00,13-06-2023 00:00,45.54,254.38,111.68,143.92,None
13-06-2023 00:00,14-06-2023 00:00,52.51,279.14,136.72,157.54,None
14-06-2023 00:00,15-06-2023 00:00,47.3,253.1,134.93,154.89,None
15-06-2023 00:00,16-06-2023 00:00,45.11,204.59,122.36,150.9,None
16-06-2023 00:00,17-06-2023 00:00,45.82,170.21,147.87,166.9,None
17-06-2023 00:00,18-06-2023 00:00,62.9,196.55,132.96,159.4,None
18-06-2023 00:00,19-06-2023 00:00,39.96,115.15,41.87,63.97,None
19-06-2023 00:00,20-06-2023 00:00,50.92,160.85,118.19,149.6,None
20-06-2023 00:00,21-06-2023 00:00,50.13,137.36,31.2,58.48,None
21-06-2023 00:00,22-06-2023 00:00,42.16,132.78,73.22,111.05,None
22-06-2023 00:00,23-06-2023 00:00,59.87,228.41,86.56,136.31,None
23-06-2023 00:00,24-06-2023 00:00,56.97,196.21,117.5,147.32,None
24-06-2023 00:00,25-06-2023 00:00,49.82,157.74,43.11,76.35,None
25-06-2023 00:00,26-06-2023 00:00,35.76,63.45,123.39,143.69,None
26-06-2023 00:00,27-06-2023 00:00,54.72,129.67,43.96,70.14,None
27-06-2023 00:00,28-06-2023 00:00,47.08,136.22,46.14,78.53,None
28-06-2023 00:00,29-06-2023 00:00,42.54,156.97,106.34,147.54,None
29-06-2023 00:00,30-06-2023 00:00,46.79,120.93,92.05,158.71,None
30-06-2023 00:00,01-07-2023 00:00,33.29,78.26,84.61,150.29,None
01-07-2023 00:00,02-07-2023 00:00,30.96,98.24,77.74,139.71,None
02-07-2023 00:00,03-07-2023 00:00,41.46,159.9,130.71,209.68,None
03-07-2023 00:00,04-07-2023 00:00,60.28,180.68,109.23,218.63,None
04-07-2023 00:00,05-07-2023 00:00,52.2,128.78,70.41,169.54,None
05-07-2023 00:00,06-07-2023 00:00,41.04,75.37,55.74,129.32,None
06-07-2023 00:00,07-07-2023 00:00,33.34,None,76.56,150.84,None
07-07-2023 00:00,08-07-2023 00:00,33.56,80.15,43.04,134.31,None
08-07-2023 00:00,09-07-2023 00:00,31.47,56.48,133.11,209.7,None
09-07-2023 00:00,10-07-2023 00:00,28.75,44.81,53.03,99.47,None
10-07-2023 00:00,11-07-2023 00:00,32.78,52.49,105.63,146.74,None
11-07-2023 00:00,12-07-2023 00:00,34,100.53,125.89,159.23,None
12-07-2023 00:00,13-07-2023 00:00,28.48,110.35,39.92,71.98,None
13-07-2023 00:00,14-07-2023 00:00,27,96.33,40.23,65.96,None
14-07-2023 00:00,15-07-2023 00:00,None,None,None,None,None
15-07-2023 00:00,16-07-2023 00:00,None,None,None,None,None
16-07-2023 00:00,17-07-2023 00:00,None,None,None,None,None
17-07-2023 00:00,18-07-2023 00:00,None,None,None,None,None
18-07-2023 00:00,19-07-2023 00:00,None,None,None,None,None
19-07-2023 00:00,20-07-2023 00:00,None,None,None,None,None
20-07-2023 00:00,21-07-2023 00:00,42.22,122.65,40.81,76.24,None
21-07-2023 00:00,22-07-2023 00:00,57.35,184.75,43.06,71.33,None
22-07-2023 00:00,23-07-2023 00:00,21.44,94.69,13.55,27.73,None
23-07-2023 00:00,24-07-2023 00:00,31.18,79.08,28.42,67.37,None
24-07-2023 00:00,25-07-2023 00:00,26.02,72.7,23.61,52.22,None
25-07-2023 00:00,26-07-2023 00:00,34.7,82.75,20.39,48.59,None
26-07-2023 00:00,27-07-2023 00:00,32.79,65.53,30.19,65.34,None
27-07-2023 00:00,28-07-2023 00:00,45.76,152.63,91.16,127.77,None
28-07-2023 00:00,29-07-2023 00:00,29.77,59.03,7.25,23.73,None
29-07-2023 00:00,30-07-2023 00:00,24.31,68.8,52.08,65.09,None
30-07-2023 00:00,31-07-2023 00:00,35.41,154.38,135.12,156.64,None
31-07-2023 00:00,01-08-2023 00:00,61.45,296.05,156.26,182.21,None
01-08-2023 00:00,02-08-2023 00:00,43.03,272.7,142.84,165.9,None
02-08-2023 00:00,03-08-2023 00:00,39.55,283.46,139.23,166.03,None
03-08-2023 00:00,04-08-2023 00:00,56.19,365.1,135.29,161.39,None
04-08-2023 00:00,05-08-2023 00:00,42.46,173.15,58.76,87.19,None
05-08-2023 00:00,06-08-2023 00:00,54.56,181.2,165.91,178.5,None
06-08-2023 00:00,07-08-2023 00:00,43.83,201.22,215.16,220.96,None
07-08-2023 00:00,08-08-2023 00:00,35.85,202.66,167.05,169.64,None
08-08-2023 00:00,09-08-2023 00:00,None,None,None,None,None
09-08-2023 00:00,10-08-2023 00:00,None,None,None,92.25,43.8
10-08-2023 00:00,11-08-2023 00:00,None,None,None,108.41,41.67
11-08-2023 00:00,12-08-2023 00:00,None,None,None,147.9,48.32
12-08-2023 00:00,13-08-2023 00:00,59.01,398,150.95,214.06,None
13-08-2023 00:00,14-08-2023 00:00,127.67,70.9,49.12,95.32,38.7
14-08-2023 00:00,15-08-2023 00:00,147,None,11.6,27.39,None
15-08-2023 00:00,16-08-2023 00:00,75.29,219.82,2.29,3.62,None
16-08-2023 00:00,17-08-2023 00:00,80.81,370.77,15.81,4.06,None
17-08-2023 00:00,18-08-2023 00:00,60.76,364.8,34.69,5.05,None
18-08-2023 00:00,19-08-2023 00:00,68.52,354.43,29.99,7.87,None
19-08-2023 00:00,20-08-2023 00:00,59.07,174.46,30.73,17.41,None
20-08-2023 00:00,21-08-2023 00:00,44.3,121.93,27.91,8.12,None
21-08-2023 00:00,22-08-2023 00:00,48.46,179.27,27.58,22.18,None
22-08-2023 00:00,23-08-2023 00:00,54.08,260.82,44.72,57.98,None
23-08-2023 00:00,24-08-2023 00:00,35.33,92.22,25.41,42.71,None
24-08-2023 00:00,25-08-2023 00:00,51.71,228.01,2.45,3.24,None
25-08-2023 00:00,26-08-2023 00:00,62.38,396.77,44.02,60.02,None
26-08-2023 00:00,27-08-2023 00:00,89.69,582.54,91.58,124.94,None
27-08-2023 00:00,28-08-2023 00:00,97.84,565.25,6.77,18.07,None
28-08-2023 00:00,29-08-2023 00:00,79.16,449.44,23.94,41.39,None
29-08-2023 00:00,30-08-2023 00:00,78.17,428.25,60.42,82.81,None
30-08-2023 00:00,31-08-2023 00:00,79.43,397.19,3.53,4.16,1.46
31-08-2023 00:00,01-09-2023 00:00,75.03,426.84,22.38,37.39,1.44
01-09-2023 00:00,02-09-2023 00:00,57.45,389.67,69.98,96.8,0.43
02-09-2023 00:00,03-09-2023 00:00,60.67,272.79,43.05,66.63,0.37
03-09-2023 00:00,04-09-2023 00:00,52.59,397.99,61.88,88.01,0.33
04-09-2023 00:00,05-09-2023 00:00,46.4,212.56,63.2,93.11,0.36
05-09-2023 00:00,06-09-2023 00:00,47.8,162.61,22.03,49.25,0.33
06-09-2023 00:00,07-09-2023 00:00,40.6,129.13,36.59,64.36,0.41
07-09-2023 00:00,08-09-2023 00:00,49.15,159.47,58.66,96.78,0.55
08-09-2023 00:00,09-09-2023 00:00,28.87,83.93,7.32,23.5,0.24
09-09-2023 00:00,10-09-2023 00:00,41.63,64.34,9.9,20.72,0.52
10-09-2023 00:00,11-09-2023 00:00,35.18,64.06,12.08,23.83,0.71
11-09-2023 00:00,12-09-2023 00:00,42.95,112.38,10.28,24.78,0.35
12-09-2023 00:00,13-09-2023 00:00,50.26,163.29,19.38,37.66,0.43
13-09-2023 00:00,14-09-2023 00:00,52.65,117.66,13.05,30.91,0.38
14-09-2023 00:00,15-09-2023 00:00,61.16,131.25,9.95,26.34,0.35
15-09-2023 00:00,16-09-2023 00:00,49.22,116.21,15.64,32.92,0.41
16-09-2023 00:00,17-09-2023 00:00,36.49,78.09,21.76,38.32,0.39
17-09-2023 00:00,18-09-2023 00:00,23.61,56.03,4.95,15.02,0.22
18-09-2023 00:00,19-09-2023 00:00,20.73,58.66,4.61,14.65,0.16
19-09-2023 00:00,20-09-2023 00:00,35.1,97.7,5.91,18.61,0.24
20-09-2023 00:00,21-09-2023 00:00,69.21,229.17,31.53,69.35,0.52
21-09-2023 00:00,22-09-2023 00:00,51.27,190.96,23.48,49.61,0.4
22-09-2023 00:00,23-09-2023 00:00,63.59,170.5,18.57,38.76,0.64
23-09-2023 00:00,24-09-2023 00:00,56.65,121.04,58.96,79.61,0.48
24-09-2023 00:00,25-09-2023 00:00,91.57,184.91,59.56,81.62,0.66
25-09-2023 00:00,26-09-2023 00:00,76.05,183.98,36.15,72.21,0.41
26-09-2023 00:00,27-09-2023 00:00,89.28,239.69,40.49,76.79,0.43
27-09-2023 00:00,28-09-2023 00:00,62.73,203.43,47.59,73.98,0.44
28-09-2023 00:00,29-09-2023 00:00,62.68,200.28,55.75,92.24,0.43
29-09-2023 00:00,30-09-2023 00:00,77.34,215.24,60.8,103.62,0.62
30-09-2023 00:00,01-10-2023 00:00,81.29,206.8,40.57,75.63,0.62
01-10-2023 00:00,02-10-2023 00:00,72.79,189.73,36.13,66.22,0.49
02-10-2023 00:00,03-10-2023 00:00,68.3,182.42,63.23,94.23,0.6
03-10-2023 00:00,04-10-2023 00:00,69.66,214.24,None,None,0.72
04-10-2023 00:00,05-10-2023 00:00,82.48,210.46,1.82,3.68,0.69
05-10-2023 00:00,06-10-2023 00:00,94.75,255.72,1.95,3.39,0.97
06-10-2023 00:00,07-10-2023 00:00,128.75,311.96,1.94,3.19,0.96
07-10-2023 00:00,08-10-2023 00:00,102.15,304.85,50.13,60.12,0.93
08-10-2023 00:00,09-10-2023 00:00,79.61,262.97,103.36,143.02,0.62
09-10-2023 00:00,10-10-2023 00:00,96.54,250.65,155.14,188.83,0.69
10-10-2023 00:00,11-10-2023 00:00,93.78,269.47,138.55,169.03,0.91
11-10-2023 00:00,12-10-2023 00:00,85.63,193.13,68.51,107.55,0.64
12-10-2023 00:00,13-10-2023 00:00,158.36,293.35,97.47,148.62,0.83
13-10-2023 00:00,14-10-2023 00:00,196.42,426.42,47.07,108.81,0.98
14-10-2023 00:00,15-10-2023 00:00,135.24,423.7,141.89,185.5,0.92
15-10-2023 00:00,16-10-2023 00:00,104.27,386.92,139.05,181.87,0.87
16-10-2023 00:00,17-10-2023 00:00,74.91,292.34,33.3,64,0.5
17-10-2023 00:00,18-10-2023 00:00,48.59,180.91,37.01,72.18,0.37
18-10-2023 00:00,19-10-2023 00:00,49,206.15,69.93,109.83,0.69
19-10-2023 00:00,20-10-2023 00:00,72.47,225.35,75.45,115.02,0.74
20-10-2023 00:00,21-10-2023 00:00,119.16,281.8,38.48,70.69,0.77
21-10-2023 00:00,22-10-2023 00:00,175.57,431.62,None,None,1.01
22-10-2023 00:00,23-10-2023 00:00,262.58,492.12,None,None,1.56
23-10-2023 00:00,24-10-2023 00:00,117.96,297.72,None,None,0.77
24-10-2023 00:00,25-10-2023 00:00,137.06,304.21,None,None,0.88
25-10-2023 00:00,26-10-2023 00:00,125.31,320.83,None,None,1.07
26-10-2023 00:00,27-10-2023 00:00,175.19,412.92,None,None,1.04
27-10-2023 00:00,28-10-2023 00:00,208.67,384.63,None,None,1.15
28-10-2023 00:00,29-10-2023 00:00,231.89,406.73,None,None,1.36
29-10-2023 00:00,30-10-2023 00:00,191.1,414.16,None,None,0.79
30-10-2023 00:00,31-10-2023 00:00,246.42,555.88,172.97,262,1.1
31-10-2023 00:00,01-11-2023 00:00,273.07,596.52,75.43,137.42,1.23
01-11-2023 00:00,02-11-2023 00:00,268.9,543.49,144.99,195.09,1.1
02-11-2023 00:00,03-11-2023 00:00,401.75,695.01,137.53,188.13,1.43
03-11-2023 00:00,04-11-2023 00:00,335.55,616.04,132.39,184.4,1.18
04-11-2023 00:00,05-11-2023 00:00,434.16,724.24,156.04,222.29,1.76
05-11-2023 00:00,06-11-2023 00:00,307.15,605.17,203.05,264.33,1.27
06-11-2023 00:00,07-11-2023 00:00,346.58,541.31,179.49,216.53,1.44
07-11-2023 00:00,08-11-2023 00:00,355.82,588.97,161.51,222.03,1.55
08-11-2023 00:00,09-11-2023 00:00,327.88,605.91,175.47,220.69,1.62
09-11-2023 00:00,10-11-2023 00:00,408.07,658.12,139.82,199.56,1.62
10-11-2023 00:00,11-11-2023 00:00,190.86,278.29,63.28,95.76,0.83
11-11-2023 00:00,12-11-2023 00:00,121.74,252.47,62.94,92.13,0.68
12-11-2023 00:00,13-11-2023 00:00,182.36,355.17,91.32,126.59,0.75
13-11-2023 00:00,14-11-2023 00:00,405.96,564.19,139.96,175.14,1.24
14-11-2023 00:00,15-11-2023 00:00,279.26,537.43,163,214.89,1.28
15-11-2023 00:00,16-11-2023 00:00,305.29,528.86,140.98,189.6,1.15
16-11-2023 00:00,17-11-2023 00:00,364.71,544.09,134.55,172.3,1.32
17-11-2023 00:00,18-11-2023 00:00,283.36,487.86,216.85,243.69,1.66
18-11-2023 00:00,19-11-2023 00:00,174.14,365.39,133.47,180.66,1.19
19-11-2023 00:00,20-11-2023 00:00,198.01,364.15,150.35,191.16,1
20-11-2023 00:00,21-11-2023 00:00,237.98,422.86,122.79,173.96,1.21
21-11-2023 00:00,22-11-2023 00:00,218.05,412.35,75.27,122.58,1.08
22-11-2023 00:00,23-11-2023 00:00,225.46,426.45,107.56,158.4,1.06
23-11-2023 00:00,24-11-2023 00:00,255.3,481.11,193.47,243.42,1.51
24-11-2023 00:00,25-11-2023 00:00,388.94,615.23,193.75,257.63,1.76
25-11-2023 00:00,26-11-2023 00:00,288.49,508.23,200.41,226.87,1.73
26-11-2023 00:00,27-11-2023 00:00,301.28,544.08,106.52,152.95,1.21
27-11-2023 00:00,28-11-2023 00:00,226.09,394.18,79.15,117.48,1.1
28-11-2023 00:00,29-11-2023 00:00,169.16,279.92,38.12,70.5,0.77
29-11-2023 00:00,30-11-2023 00:00,217.91,377.81,115.39,149.75,1.19
30-11-2023 00:00,01-12-2023 00:00,291.44,492.73,127.78,179.28,1.16
01-12-2023 00:00,02-12-2023 00:00,251.65,411.81,77.43,126.96,1.06
02-12-2023 00:00,03-12-2023 00:00,179.39,322.31,131.18,184.58,1.13
03-12-2023 00:00,04-12-2023 00:00,193.3,376.74,161.33,217.25,1.23
04-12-2023 00:00,05-12-2023 00:00,187.22,356.01,121.56,185.92,1.02
05-12-2023 00:00,06-12-2023 00:00,157.64,290.31,95.82,148.72,0.91
06-12-2023 00:00,07-12-2023 00:00,158.24,320.49,175.12,244.18,1.05
07-12-2023 00:00,08-12-2023 00:00,237.86,452.79,221.56,291.01,1.63
08-12-2023 00:00,09-12-2023 00:00,170.48,346.7,166.69,231.76,1.35
09-12-2023 00:00,10-12-2023 00:00,166.21,330.97,126.24,189.08,1.1
10-12-2023 00:00,11-12-2023 00:00,154.74,298.35,130.02,182.44,0.86
11-12-2023 00:00,12-12-2023 00:00,187.22,365.73,206.31,257.82,1.08
12-12-2023 00:00,13-12-2023 00:00,276.96,482.28,166.24,218.18,1.16
13-12-2023 00:00,14-12-2023 00:00,295.25,484.19,146.21,209.91,1.45
14-12-2023 00:00,15-12-2023 00:00,166.71,353.81,186.4,242.8,1.22
15-12-2023 00:00,16-12-2023 00:00,218.42,404.89,190.18,254.09,1.43
16-12-2023 00:00,17-12-2023 00:00,273.96,496.65,206.58,243.1,1.65
17-12-2023 00:00,18-12-2023 00:00,229.57,398.38,161.66,223.74,1.2
18-12-2023 00:00,19-12-2023 00:00,164.31,296.44,91.95,146.39,0.72
19-12-2023 00:00,20-12-2023 00:00,142.61,327.26,113.26,166.82,0.76
20-12-2023 00:00,21-12-2023 00:00,174.68,380.84,138.24,194.58,0.95
21-12-2023 00:00,22-12-2023 00:00,272.74,501.81,115.65,186.69,1.26
22-12-2023 00:00,23-12-2023 00:00,407.44,655.77,183.69,248.5,1.59
23-12-2023 00:00,24-12-2023 00:00,345.06,563.45,150.53,176.72,1.13
24-12-2023 00:00,25-12-2023 00:00,344.67,551.89,185.07,232.29,1.4
25-12-2023 00:00,26-12-2023 00:00,249.62,435.99,150.27,212.51,1.13
26-12-2023 00:00,27-12-2023 00:00,292.16,475.83,99.99,158.94,1.16
27-12-2023 00:00,28-12-2023 00:00,411.96,612.05,56.49,106.66,1.6
28-12-2023 00:00,29-12-2023 00:00,269.48,414.48,38.12,87.79,1.06
29-12-2023 00:00,30-12-2023 00:00,314.18,466.63,42.5,81.3,1.8
30-12-2023 00:00,31-12-2023 00:00,307.65,450.73,40.98,74.45,3.04
31-12-2023 00:00,01-01-2024 00:00,239.31,365.42,42.59,70.03,2.75
01-01-2024 00:00,02-01-2024 00:00,199.56,335.12,38.99,61.65,2.31
02-01-2024 00:00,03-01-2024 00:00,195.91,320.67,46.46,71.07,2.2
03-01-2024 00:00,04-01-2024 00:00,247.44,360.37,69.63,94.41,3.43
04-01-2024 00:00,05-01-2024 00:00,274.06,436.22,91.01,111.79,3.17
05-01-2024 00:00,06-01-2024 00:00,218.28,345.98,66.03,85.1,2.75
06-01-2024 00:00,07-01-2024 00:00,223.3,375.88,69.6,93.07,2.62
07-01-2024 00:00,08-01-2024 00:00,214.33,357.84,64.99,93.11,2.26
08-01-2024 00:00,09-01-2024 00:00,331.12,531.56,81,109.18,3.46
09-01-2024 00:00,10-01-2024 00:00,184.92,304.13,58.07,77.92,2.27
10-01-2024 00:00,11-01-2024 00:00,177.28,301.01,63.68,82.73,1.95
11-01-2024 00:00,12-01-2024 00:00,229.72,375.51,64.65,93.13,2.69
12-01-2024 00:00,13-01-2024 00:00,253.56,394.33,64.67,99.15,3.31
13-01-2024 00:00,14-01-2024 00:00,420.17,609.42,121.99,157.44,4.82
14-01-2024 00:00,15-01-2024 00:00,363.57,574.43,96.19,136.99,5.78
15-01-2024 00:00,16-01-2024 00:00,238.57,405.96,95.11,134.89,3.9
16-01-2024 00:00,17-01-2024 00:00,295.29,409.95,49.65,83,3.69
17-01-2024 00:00,18-01-2024 00:00,226.16,338.07,29.39,61.7,2.47
18-01-2024 00:00,19-01-2024 00:00,199.32,308.96,36.31,66.3,2.53
19-01-2024 00:00,20-01-2024 00:00,207.95,313.08,26.8,54.51,2.71
20-01-2024 00:00,21-01-2024 00:00,198.91,333.6,51.36,82.73,2.65
21-01-2024 00:00,22-01-2024 00:00,212.08,331.76,69.68,98.59,3.31
22-01-2024 00:00,23-01-2024 00:00,238.8,373.23,21.74,50.64,2.04
23-01-2024 00:00,24-01-2024 00:00,256.98,418.2,32.88,69.11,2.65
24-01-2024 00:00,25-01-2024 00:00,286.24,467.91,63.26,97.34,3.69
25-01-2024 00:00,26-01-2024 00:00,263.9,456.6,93.11,130.51,3.66
26-01-2024 00:00,27-01-2024 00:00,383.65,580.15,156.79,191.95,4.76
27-01-2024 00:00,28-01-2024 00:00,201.47,397.72,181.39,211.81,3.46
28-01-2024 00:00,29-01-2024 00:00,312.73,529.27,139.46,166,4.65
29-01-2024 00:00,30-01-2024 00:00,234.3,404.18,49.77,85.64,2.85
30-01-2024 00:00,31-01-2024 00:00,289.84,464.52,84.3,118,4.42
31-01-2024 00:00,01-02-2024 00:00,265.73,349.77,85.39,120.75,3.56
01-02-2024 00:00,02-02-2024 00:00,66.89,99.25,17.8,46.05,1.07
02-02-2024 00:00,03-02-2024 00:00,103.95,200.05,78.89,104.39,1.98
03-02-2024 00:00,04-02-2024 00:00,119.99,372.35,106.66,146.17,3.38
04-02-2024 00:00,05-02-2024 00:00,140.93,239.51,63.18,95.16,3.68
05-02-2024 00:00,05-02-2024 00:00,76,123,4.1,30,1.7
